Job request,Added to calendar manually,Clients,Status,Timechunk,Scheduled,Last touched date,Days since last touched,Notes,Due date,People,Attachment
R shiny cost tool to be added to PopSim website,,POPSIM,INVOICE,1 hour,,9/24/2025,123,"""Shiny App iframe Embed Code""",,,
UNC FoRtitude Study,checked,UNC Gillings,PRIORITY,3 hours,,6/26/2025,213,"Lynne Wagner, Nadja, Alli, Mattias Jonsson
- https://airtable.com/appp3h115fuuBQvRY/tbljEEUvBXAE90j8w/viwrKEnQuKJDpGEIX?blocks=hide ",,,
CSU PROJECTS ALL,,CSU OIE Inclusive Excellence ColoState,PRIORITY,,,1/15/2026,10,https://docs.google.com/document/d/1Ftdmy1cptiPfXv3M1-aUp-D-jardxh5qqhuahp99kMM/edit?tab=t.0 ,,,
Water Institute Student Success Stories,,Water Institute ,ACTIVE,2 hours,,9/17/2025,130,"""Compiled List for Student Success Stories""	",,,
Accessibility rule for gillings-projects.unc.edu,,UNC Gillings,ACTIVE,2 hours,,10/13/2025,104,"""New web accessibility rule: What it means for Gillings content creators""",4/24/2026,Tamiyah Braswell,
SpotterCharts team profile template ,,Spottercharts,ACTIVE,2 hours,,10/21/2025,96,,,,
"GLFW add ""Facts"" content in once finalized",,Water Institute ,ACTIVE,2 hours,,10/27/2025,90,To-do list: https://docs.google.com/document/d/1MtjzuBdQx1hLc7gbSdirGNrtZAy35cLe38jQZznr2r8/edit?tab=t.0#heading=h.9muizu13w97 ,,,
CCIS website & team website (Becky Lee & Julianna Villarosa),,CPCRN (Becky Lee),ACTIVE,1 hour,,11/4/2025,82,"""Design request form""
- My team will review the wireframe on Monday, 11/17; I’ll be able to confirm some details and further refine the wireframe after that. My goal is to have this wrapped up by EOD Wednesday, 11/19, so that you have time to review.
- Friday 11/21 meeting",,,
"Definian spreadsheets changes to articles content OR updates per AI, not TTC",,Definian (formerly Premier),ACTIVE,2 hours,,11/26/2025,60,,11/3/2025,,
Definian to-do list,,Definian (formerly Premier),ACTIVE,1 hour,,12/2/2025,54,https://docs.google.com/document/d/1ybBWu7KNsdaZZwt1ELKiJxc0RyYLEC9OqCC5LdApmp0/edit?tab=t.0#heading=h.z711ojieg8h4 ,,,
Cliff Cottage business card,,Cliff Cottage,ACTIVE,1 hour,,12/2/2025,54,,,,
"Sheps(Data)+ website work (SEO, content, design) & logo design",,Sheps(Data)+,ACTIVE,3 hours,,12/8/2025,48,,,,
AdrialDesigns: switch out calendly with https://cal.com/,,Adrial Designs,ACTIVE,1 hour,,12/11/2025,45,"$144 to be charged May 17, 2026	",,,
"Clayton ""costing calculator"" project",,POPSIM,ACTIVE,1 hour,,12/14/2025,42,,,,
TTC content fixes,,Definian (formerly Premier),ACTIVE,1 hour,,12/15/2025,41,"""Regarding Definian Website Updates""	",,,
UNC Gillings: New branding plan,,UNC Gillings,ACTIVE,1 hour,,12/22/2025,34,"Meg on holiday through 1/5/26. Original email from Tamiyah ""NEW BRANDING""
- Alumni in Focus, Carolina Public Health, Frontlines",,,
Cabo Broncos new 2026 plan,,Donald Whittier,ACTIVE,1 hour,,12/30/2025,26,"- 12/30/25 conversation via WhatsApp & google doc: https://docs.google.com/document/d/1AWE09TaYNifLYFXKq4DFiFtqrKSn3Gv_y6dS9e-RUZo/edit?tab=t.0 
- Subject: ""to do broncos""",,,
Gillings Mailerlite updates new branding,,UNC Gillings,ACTIVE,2 hours,,1/5/2026,20,"TWAG done, but Alumni in Focus, Carolina Public Health, and Frontlines also need to be updated",,,
Leah potential project,,UNC Gillings,ACTIVE,1 hour,,1/6/2026,19,"Initial meeting January 6, 2026; discussed with team 1/14",,,
MPH Career Paths Tool,,UNC Gillings,ACTIVE,2 hours,,1/15/2026,10,"Subject ""MPH Career Paths Presentation"" from Will",,,
POPSIM reorganization of website,,POPSIM,ACTIVE,1 hour,,1/16/2026,9,"- Before our costing calculator meeting, Meghan mentioned wanting to reorganize the website to have different landing pages per grouping of tools and redesign the homepage to be more of a ""hub"" to point to those landing pages.",,,
CPH Magazine - timeline?,,UNC Gillings,ACTIVE,,,1/16/2026,9,"timeline for digital before grad, rebrand masthead & website",,,
Oracle lander updates,,Definian (formerly Premier),ACTIVE,2 hours,,1/21/2026,4,"Subject: ""Oracle lander"" ",,,
Water Institute & Lead website rebrand,,Water Institute ,ACTIVE,1 hour,,1/21/2026,4,"subject: ""WI and lead site branding""",,,
"Cliff Cottage website updates (articles, attractions, packages)",,Cliff Cottage,WAITING ON,1 hour,,1/9/2025,381,Subject: “Day trip planner” app for Cliff Cottage,,,
Importing business,,Donald Whittier,WAITING ON,2 hours,,5/29/2025,241,Donald has been asked how he gets things imported into Mexico and he wants to create a one-pager website that show the prices and how it works. ,,,
Cliff Cottage Inn updates,,Cliff Cottage,WAITING ON,2 hours,,6/3/2025,236,"'- Review post-booking guest comms (email + text) once test booking is sent
- Audit OTA listings (Booking.com, Expedia, TripAdvisor, Google) after launch
- Remove Ashley from About page",,,
Banzai to do,,Donald Whittier,WAITING ON,3 hours,,6/4/2025,235,"- Zero for Five poster
- Recepcionista poster
- Google ad form submissions
    - WhatsApp recording 4/15 about the submissions ",,,
Homunculi 1-year old,,SelfCare (Sue Riffel),WAITING ON,2 hours,,6/4/2025,235,"Sue to send homunculus vector files — subject ""Homunculi""",,,
POPSIM: Oregon model,,POPSIM,WAITING ON,3 hours,,6/9/2025,230,"- Subject: ""Programming for Oregon model""
",,,
POPSIM: cost calculator,,POPSIM,WAITING ON,3 hours,,6/9/2025,230,Still awaiting spreadsheet from Meghan,,,
Cliff Cottage SEO keyword research & blog area,,Cliff Cottage,WAITING ON,2 hours,,6/16/2025,223,"- ""Blog page on website"" and ""Articles area""
- New articles: 
    - Colette: https://docs.google.com/document/d/1SpMRxDhTP1kxKUPUmmBPtz0qCfbfA8ne/edit
    - Stevenson: https://docs.google.com/document/d/1sYvM_yVgSOBckK_rwCnXti7H-h_Dwi3I/edit ",,,
SelfCare AI Optimization project,,SelfCare (Sue Riffel),WAITING ON,2 hours,,6/26/2025,213,,,,
Model Society redesign,,Model Society (David Bollt),WAITING ON,3 hours,,7/3/2025,206,,,,
SelfCare reimplement demo?,,SelfCare (Sue Riffel),WAITING ON,1 hour,,7/8/2025,201,"Subject: ""What do you think about...""",,,
Banzai/FirstActTV,,Donald Whittier,WAITING ON,2 hours,,7/23/2025,186,"- Business Model Blueprint: https://docs.google.com/document/d/1LMlVcbOL980zvQcEODjrqfYFGZMTCqZhaCCmbkEL9AY/edit?tab=t.0
- One-pager content: https://docs.google.com/document/d/1eOl4NGsBlNbo6sQBjmI_P1BMX-QzbG4cd-nntnW3qvI/edit?tab=t.0#heading=h.2gud7ko9zmjn ",,,
"""Live Young"" lifestyle brand",,Donald Whittier,WAITING ON,1 hour,,7/23/2025,186,"- They’re considering launching a clothing brand called “Live Young” as an alternative to the typical tourist t-shirt market in Cabo. The concept echoes Life is Good, with an organic, vacation-inspired aesthetic that isn’t party-centric.
- They envision “Live Young” expanding into a lifestyle mark or rating for experiences, similar to a Michelin star, where brands could seek a “Live Young” stamp of approval or have commercials produced that align with the ethos.",,,
Booking platform for Model Society,,Model Society (David Bollt),WAITING ON,2 hours,,7/29/2025,180,"- https://docs.google.com/document/d/1-VKr11XCfvZpBiycdkjXjZJEnkRWsC5ZfOFxDqj9tcI/edit?tab=t.0#heading=h.tqw8j4btep1q
- Memberstack, Claude code & Webflow cloud: https://youtu.be/2h0YN9HgUTg?si=xHVc7kB0KitXDfpE",,,
Lancet commission website,,UNC Gillings,WAITING ON,3 hours,,9/16/2025,131,"- Updates email: https://app.sparkmailapp.com/web-share/OLOLUeVimiAMKn_5IAYU_H86QZz7b1ZctC1cYay0 
- Website skeleton: https://docs.google.com/document/d/11vZRM5wlkfGazfztsWrjN0mwBaNjXairvpihg_SH9Kk/edit",4/1/2026,Branson Moore,
Kuel life strategy,,Kuel Life (Jack Perez),WAITING ON,3 hours,,9/19/2025,128,,,,
Banzai - Alex database ,,Donald Whittier,WAITING ON,2 hours,,10/3/2025,114,To-do list: https://docs.google.com/document/d/1G2vwQ-Aewphvqq5z0bg9YTRZCL6yTOx7BzqVUly_g8o/edit?tab=t.0#heading=h.9muizu13w97 ,,,
Roadmap for a lead-free future document (post-feedback),,Water Institute ,WAITING ON,3 hours,,10/8/2025,109,"Fw: Revised Roadmap
needs it before the conference ",10/20/2025,,
Continuum ancestors,,Continuum,WAITING ON,2 hours,,10/18/2025,99,"from Claudia Zama: ""CTA’s Ancestors"" and ""Continents filter""",,,
Water Institute website refresh with Catherine,,Water Institute ,WAITING ON,1 hour,,11/2/2025,84,"""2025 website refresh""",,,
BCIF continuation? (Nil Tavsanoglu),,Brevet,WAITING ON,1 hour,,11/13/2025,73,,,,
Selfcare Jeremy collab,,SelfCare (Sue Riffel),WAITING ON,1 hour,,11/14/2025,72,"""Introductions and access to""",,,
SelfCare web view redesign project (Akron),,SelfCare (Sue Riffel),WAITING ON,1 hour,,11/17/2025,69,"""Screens for Akron Children's""		",,,
Definian SEO (actionable items from TTC),,Definian (formerly Premier),WAITING ON,2 hours,,11/25/2025,61,,,,
Banzai team dashboard,,Donald Whittier,WAITING ON,2 hours,,11/26/2025,60,"subject ""Folders"" from banzai.loscabos@gmail.com	",,,
Model Society onboarding flow?,,Model Society (David Bollt),PAUSED/FUTURE,2 hours,,,NaN,https://designerup.co/blog/i-studied-the-ux-ui-of-over-200-onboarding-flows-heres-everything-i-learned/,,,
"SelfCare Additional projects (app factory layout updates, booth screens designs, homunculus)",,SelfCare (Sue Riffel),PAUSED/FUTURE,2 hours,,4/11/2024,654,,,,
Roofscapes NW vehicle wraps,,Roofscapes NW (Melissa Baldivino),PAUSED/FUTURE,2 hours,,8/22/2024,521,"Subject: ""Questions"" info@roofscapes-nw.com (Melissa Baldivino)
",,,
Water Institute brochure design,,Water Institute ,PAUSED/FUTURE,1 hour,,9/3/2024,509,"Also revive the FedEx Office conversation, subject: ""Quick quote""",,,
Finsweet sync setup for PPP,,UNC Law,PAUSED/FUTURE,2 hours,,10/10/2024,472,,,,
BCIF projects for January 2025 (Q1),,Brevet,PAUSED/FUTURE,1 hour,,10/30/2024,452,"'- Google slides editable (around 15 slides)
- Create a new Wharton Piers landing page on current website
- 4-6 stock photos x $40 apiece
",,,
"Design ""vaccines"" landing page (check with Branson)",,UNC Gillings,PAUSED/FUTURE,1 hour,,11/4/2024,447,"""Yes, this is one of the items that is dependent on the new research strategic plan. The committee meets tomorrow and again in February. I don’t foresee any plans getting set before next spring.""",,,
Tina Patterson tourist lodging website redesign ESTIMATE,,Enchanted Treehouses,PAUSED/FUTURE,1 hour,1/19/2026 3:40pm,11/20/2024,431,https://www.enchantedtreehouses.com/,,,
Sabine Resonant Body landing page for new year-long offering,,Resonant Body (Sabine),PAUSED/FUTURE,2 hours,,12/1/2024,420,"Shooting to have all content to me by 12/1/24
",,,
BCIF 20-page brochure,,Brevet,PAUSED/FUTURE,2 hours,,3/4/2025,327,,,,
"Banzai: Cross-referencing our movies with actors in our database, and vice versa",,Donald Whittier,PAUSED/FUTURE,2 hours,,5/21/2025,249,,,,
Yesenia IE project: Report PDF,,UNC Gillings,LATER?,,,,NaN,https://symposium.foragerone.com/csu-murals2023,,,
UNC Water Institute faculty page upgrade,,Water Institute ,LATER?,,,,NaN,https://symposium.foragerone.com/csu-murals-2022,,,
Gillings strategic marketing plan,,UNC Gillings,LATER?,,,,NaN,Gillings Strat Mktg Plan,,,
Yesenia IE project: Progress report online,,UNC Gillings,LATER?,,,,NaN,"in effect Fall 2024, done by Jan 2024",1/1/2024,,
Cabo Broncos Destinations (for SEO),,Donald Whittier,LATER?,,,,NaN,,,,
Add past digital magazines to platform,,UNC Gillings,LATER?,,,,NaN,,,,
Service excellence Mighty Networks page reskinning,,Service Excellence,LATER?,,,,NaN,,,,
Roofcoach Purpose Vision Values for 2 clients,,Roof Coach,LATER?,,,,NaN,,,,
PPP PR strategy,,UNC Law,LATER?,,,,NaN,Subject: PR strategy,,,
Brevet main website redesign ,,Brevet,LATER?,,,,NaN,Talked with Susan about this in our 3/8 phone conversation about Paramount,,,
Estimate: Kidney stone website with Sheps,,Sheps(Data)+,LATER?,,,,NaN,"Subject line ""Design Work for Kidney Stone Decision Aid Site""",4/22/2024,,
12-page holiday catalog (2024),,Silverstone Jewelers (Kallie Carver),LATER?,,,10/31/2023,817,"Gave her content deadline of mid-October to have final files to the printer by mid November / no later than Thanksgiving

",,,
PPT template Yesenia (use orientation one),,UNC Gillings,LATER?,,,11/7/2023,810,,,,
EB-5 website,,Brevet,LATER?,,,11/24/2023,793,"- Timeline: https://bit.ly/3MVbvan 
- Wednesday, Oct 11 - content document sent
- 8 weeks from content doc sent
- Wednesday, December 6 - launch
",12/6/2023,,
Water Institute Hilton proposal,,Water Institute ,LATER?,,,12/8/2023,779,We are getting ready to submit a proposal next week and I am inquiring to see if you have time to edit and finesse it for submission to the Hilton Foundation. It is approximately 5 pages of text but will have 4-6 photos that need to be included as well as quote/text boxes and a few tables.	,12/8/2023,,
Sheps Central Brand strategy & strategic messaging,,Sheps Center,LATER?,,,12/14/2023,773,"Include overall plan after strategy, with an overall deadline of end of fiscal year, June 30, 2024. $10K estimate (subject: ""Estimate for Sheps Brand Strategy/Strategic Messaging"")",,,
Linguana for Continuum (2026?),,Continuum,LATER?,,,2/7/2024,718,"Subject: ""New better/cheaper translation service!""",,,
Silver compassion website,,Silver Compassion / Life Compass Living (George Fuller),LATER?,,,2/15/2024,710,,2/22/2024,,
Kallie Mother's Day post card,,Silverstone Jewelers (Kallie Carver),LATER?,,,2/18/2024,707,,5/1/2024,,
Will's last 2 one-pagers,,UNC Gillings,LATER?,2 hours,,2/20/2024,705,,,Will Frazier,
Roofscapes website redesign,,Roofscapes NW (Melissa Baldivino),LATER?,,,3/6/2024,690,"Email subject: ""Questions""",,,
UNC Diversity,,UNC Diversity,LATER?,,,3/14/2024,682,Call UNC Diversity at 919-843-6086 (Theodore's partner suffered a traumatic brain injury),,,
FirstActTV website,,Donald Whittier,LATER?,,,3/15/2024,681,https://docs.google.com/document/d/1eOl4NGsBlNbo6sQBjmI_P1BMX-QzbG4cd-nntnW3qvI/edit,,,
Kim Ramsey-White work for new report (Fall 2024),,UNC Gillings,LATER?,,,7/29/2024,545,https://app.sparkmailapp.com/web-share/frBry6qCe4skcqXo7sUCEDrTTKm--pkf_MprwDqL,,,
Janet book project,,Janet Kagan,LATER?,2 hours,,9/3/2024,509,"""The book project had to take a back seat to another project. My motivation for publishing (digitally) a series of essays can now hopefully resume this Fall.""",,,
Salesforce email template,,UNC Gillings,LATER?,2 hours,,9/13/2024,499,,,Will Frazier,
Eric Gertler website redesign,,Ainsworth & Associates,LATER?,2 hours,,9/17/2024,495,,,Vicki Elkins,
Cali Wilson - Possible client from Dan (Allarium),,Mindset Playground,LATER?,1 hour,,10/1/2024,481,,,,
Aiden design projects,,Aiden Dale,MAYBE,,,,NaN,https://bit.ly/3GXqyfL,,,
Website redesign,,Environ supply,MAYBE,,,,NaN,,,,
Misc small projects,,Life Compass Living,MAYBE,,,,NaN,George Fuller,,,
Website updates?,,Janet Kagan,MAYBE,,,,NaN,,,,
Website redesign,,CultursMag.com,MAYBE,,,,NaN,,,,
Cliff Cottage trips section,,Cliff Cottage,MAYBE,,,,NaN,Justin Robins,,,
TOC sales tool,,Takeout Central,MAYBE,,,,NaN,,,,
Website redesign,,Madden's Seafood,MAYBE,,,,NaN,Charles,,,
Brian Murray Strategic Messaging,,Brian Murray,MAYBE,,,,NaN,,,,
Website development,,Data Animated,MAYBE,,,,NaN,Jim Wheaton & Paul,,,
Carver & Co. Jewelers (rebrand),,Silverstone Jewelers (Kallie Carver),MAYBE,,,,NaN,"Gave her content deadline of mid-October to have final files to the printer by mid November / no later than Thanksgiving

",,,
Jake Stallard recruiting ads,,UNC Gillings,MAYBE,,,,NaN,Subject: Recruiting ads,,,
Burk website updates,,Burk Uzzle,MAYBE,1 hour,,7/8/2024,566,,,,
OIE annual reports edits,,CSU OIE Inclusive Excellence ColoState,DONE,,,,NaN,"Oct 5 (Thu) lunch = BOG
https://drive.google.com/drive/folders/1uBYoGBAdsrCnflE5cznmKo1gJ1ncS4SF
",10/5/2023,,
Sheps IT poster,,Sheps(Data)+,DONE,,,,NaN,,10/9/2023,,
Hardcopy program (64pgs),,Water Institute ,DONE,,,,NaN,"'- Kaida getting quotes for printer turnaround time
- Deadline: Monday, 10/9
- Things she doesn't like about previous program
    - no wasted space
    - consistent photos
    - Alignment of bios/headshots
    - Blank notes section
    - This program belongs to ...
    - Same cover, but new photo in drop (hand-washing one)
    - Likes color-coding",10/9/2023,,
HOpp Mailerlite automation,,H Opp,DONE,,,,NaN,,,,
Cabo Bronco AdWords,,Donald Whittier,DONE,,,,NaN,,,,
Flurry holiday projects,,Definian (formerly Premier),DONE,,,,NaN,"""End of october""
- Friday December 8 - holiday party 7-10p
- Details: https://app.sparkmailapp.com/web-share/dEiXSs5TOjOwGbJ93CuGosawROOEyK7oYcDsIHqe ",11/3/2023,,
Burk mailer,,Burk Uzzle,DONE,,,,NaN,,,,
New client stuff & collage,,Roof Coach,DONE,,,,NaN,,,,
Template for Flyers,,CSU OIE Inclusive Excellence ColoState,DONE,,,,NaN,"- will develop template for all by designing paraphernalia for the first event
- Event flyer & save the date email - 4x/year",,,
Yesenia IE project: 10-15 slides PPT,,UNC Gillings,DONE,,,,NaN,"- Oct 12 - public presentation on plan
- Dean’s council - Oct 18
",10/12/2023,,
T4 6 new services pages,,T4 Associates,DONE,,,,NaN,,,,
"Simplify landing page, cheaper hosting",,HR Hollis Curtis,DONE,,,,NaN,,,,
Continuum MailerLite DMARC,,Continuum,DONE,,,,NaN,,,,
Banzai poster (receptionista),,Donald Whittier,DONE,,,,NaN,,,,
Water Institute Conf page update & Abstract Portal,,Water Institute ,DONE,,,,NaN,,,,
Premier Client Feedback Survey,,Definian (formerly Premier),DONE,,,,NaN,Typeform,,,
T4 link to client area ,,T4 Associates,DONE,,,,NaN,,,,
Cabo Broncos enhanced conversions for Google Ads,,Donald Whittier,DONE,,,,NaN,https://support.google.com/google-ads/answer/13258081,,,
Look for bucket list and the Cabo broncos club on previous versions of website (pre December 2023,,Donald Whittier,DONE,,,,NaN,,,,
Google local for Cabo broncos,,Donald Whittier,DONE,,,,NaN,,,,
GLFW.org new sponsors (Kaida),,Water Institute ,DONE,,,,NaN,,,,
Bronco RAV4 & Sport page $1200/wk,,Donald Whittier,DONE,,,,NaN,,,,
HPM AUPHA2024 ads,,UNC Gillings,DONE,,,,NaN,,,,
CSU OIE google slides template update,,CSU OIE Inclusive Excellence ColoState,DONE,,,,NaN,,,,
Behavioral Health spread on one-pager (Meg),,UNC Gillings,DONE,,,,NaN,"For the folks at Region 7
",,,
Soccer flurry,,Definian (formerly Premier),DONE,,,,NaN,,,,
Sue Riffel trade show banner stands,,SelfCare (Sue Riffel),DONE,,,,NaN,,,,
Premier Flurry 4 color,,Definian (formerly Premier),DONE,,,,NaN,,,,
Practice Progress Tracker updates ,,UNC Gillings,DONE,,,,NaN,Delete all other ,,,
Contact Chai Core,,Adrial Designs,DONE,1 hour,,,NaN,,,,
Movie poster,,Donald Whittier,DONE,,,,NaN,"Designed by Wednesday
",,,
Cabo broncos google ads and info@ not working?,,Donald Whittier,DONE,,,,NaN,,,,
T4 hubspot UTM project,,T4 Associates,DONE,1 hour,,,NaN,,,,
Cliff cottage July email,,Cliff Cottage,DONE,2 hours,,,NaN,,7/17/2025,,
Premier @ 40 LinkedIn graphics x 5,,Definian (formerly Premier),DONE,,,,NaN,,,,
OIE website updates,checked,CSU OIE Inclusive Excellence ColoState,DONE,1 hour,,,NaN,"'- By Tuesday
- Take away most groups (details coming) 
- Delete ""all groups"" page
- Redirect all groups to homepage
- Unpublish all group Airtable forms",,,
6x9 flyer,,Silverstone Jewelers (Kallie Carver),DONE,,,10/31/2023,817,"Content: https://bit.ly/49qFqRt
	",11/15/2023,,
Flurry downloads page,,Definian (formerly Premier),DONE,,,11/2/2023,815,,,,
Cabo Broncos tours video,,Donald Whittier,DONE,,,11/2/2023,815,,,,
Topline purpose/values,,Roof Coach,DONE,,,11/3/2023,814,,11/10/2023,,
"APHA Gillings overview brochure edits (Nancy, etc.)",,UNC Gillings,DONE,,,11/4/2023,813,"APHA is on nov. 12
",11/9/2023,,
Lead magnet,,Roofscapes NW (Melissa Baldivino),DONE,,,11/7/2023,810,,,,
"Continuum database update (Subject: ""Hybrid Event Posting Question"")",,Continuum,DONE,,,11/7/2023,810,,,,
JAE jewelry mailer,,JAE,DONE,,,11/10/2023,807,Elizabeth French ,,,
Karissa family photos,,UNC Gillings,DONE,,,11/10/2023,807,,,,
All Premier logos on logo portal,,Definian (formerly Premier),DONE,,,11/18/2023,799,,,,
Impact Report Magazine EMAIL,,UNC Gillings,DONE,,,11/28/2023,789,"Timeline:
https://bit.ly/3PF7NTZ",,,
CSU PPT template,,CSU OIE Inclusive Excellence ColoState,DONE,,,11/29/2023,788,"Kyle - PPT envy
- Transition/divider slide (moving from one section to another)
- Simple background for data tables
- Cover slide
- Text-based slide
- Ending/CTA slide
- A few pictures on a slide (pic left/text right, then switch)
- Video link: https://landacknowledgment.colostate.edu/ ",,,
Gillings Will IE edits,,UNC Gillings,DONE,,,11/29/2023,788,,,,
W9 and other docs,,UNC Gillings,DONE,,,11/29/2023,788,,,,
Add a value to Mills,,Roof Coach,DONE,,,11/30/2023,787,,,,
DaVinci case studies,,DaVinci Education,DONE,,,12/1/2023,786,"- All 4 latest: https://drive.google.com/drive/folders/1fZVHYr62NdgaqhFcUTYk5FpxYXwl7NV6 
- Start static design of sample case study template page with Orlando
- Change “client partners” wording in navigation to ""client successes"" and move to under ""DaVinci Difference” dropdown menu
- For overview page where we show all case studies, instead of current ""client partners"" page layout, use same grid layout as our current resources page
- To keep quotes fresh, create a ""testimonials"" widget that will cycle out new testimonials right above or below the call to action on all pages: https://www.screencast.com/t/84gMhOaDZ",,,
Gillings print & digital magazine ,,UNC Gillings,DONE,,,12/2/2023,785,,,,
T-shirt project,,UNC Gillings,DONE,,,12/7/2023,780,"2 different T-shirts (future of PH, prevent/promote/prolong)
",,,
Burk web updates,,Burk Uzzle,DONE,,,12/15/2023,772,,,,
Premier website update,,Definian (formerly Premier),DONE,,,12/29/2023,758,,1/12/2024,,
Penny website ,,"""UNC Obesity Biology, Behavior & Environment Group""",DONE,,,1/2/2024,754,,,,
Roof coach Mighty Networks,,Roof Coach,DONE,,,1/2/2024,754,,,,
Premier 2024 theme,,Definian (formerly Premier),DONE,,,1/2/2024,754,"'- Momentum - elevate - level up
- Unleash (large) our full potential (smaller)
- due by latest January 26",1/26/2024,,
Premier Salesforce integration,,Definian (formerly Premier),DONE,,,1/5/2024,751,"Separate first and last name fields on contact form, and connect accordingly to Salesforce via Zapier.	",1/12/2024,,
Gillings homepage redesign,,UNC Gillings,DONE,,,1/13/2024,743,,,,
New 1-pagers for donations (Will),,UNC Gillings,DONE,,,1/15/2024,741,Will,,,
Schoolwide Faculty Awards,,UNC Gillings,DONE,,,1/30/2024,726,"Meg: These are monetary awards/honors that are given to faculty each year, and the school wants to start giving them pomp and circumstance. We do send nicely designed emails about the winners, but they would like the whole kit-n-kaboodle – branding, flyers, emails, e-screens, etc.",1/28/2024,,
Gillings Engage flyers etc.,,UNC Gillings,DONE,,,1/30/2024,726,,,,
H Opp Neuron Writer articles,,H Opp,DONE,,,1/31/2024,725,https://docs.google.com/spreadsheets/d/1IbJf3L3QZCWyTGx1zsijy59RR5DuDb-U5YwEkwCNDjc/edit,,,
Premier/IA 301 redirects with Lauren,,Definian (formerly Premier),DONE,,,2/8/2024,717,,,,
Gillings + FHI360 one-pager,,UNC Gillings,DONE,,,2/19/2024,706,,,,
Writing PPT for Meg,,UNC Gillings,DONE,,,2/19/2024,706,"Feb 19: ""No rush on the writing one. I presented it today, which is why I remembered to give it to you, but I probably won’t give it again for a few months.""
",4/19/2024,,
Premier email sigs,,Definian (formerly Premier),DONE,,,2/27/2024,698,,,,
"""Premier Wins!"" email structure",,Definian (formerly Premier),DONE,,,2/27/2024,698,,,,
Premier PPT slides,,Definian (formerly Premier),DONE,,,2/29/2024,696,Design slides with Steve & Kunal	,,,
Alliance Sales Guide,,Alliance CC,DONE,,,3/7/2024,689,,,,
Public Health Fellowship one-pager (Matthew),,UNC Gillings,DONE,,,3/11/2024,685,https://docs.google.com/document/d/1XGeUbyAK7AXt6xHN0YV92l_TfSJXcHyx6mAJn7aeonM/edit,,,
Continuum 3 teachers on events,,Continuum,DONE,,,3/12/2024,684,https://app.sparkmailapp.com/web-share/6GUbuo0vKpOnOUIfuURNlDbkmfMmF0lEdjpJLtrf,,,
Silver Compassion PDF design (Trailblazer brochure),,Silver Compassion / Life Compass Living (George Fuller),DONE,,,3/12/2024,684,"https://docs.google.com/document/d/1lRaGoJX0MzSOMApl0itAa92EOymj1KvlMyBxXjJrVjU/edit
",,,
3 icons for Cabo insta,,Donald Whittier,DONE,1 hour,,3/12/2024,684,,,,
Premier FinTech lander for Lauren,,Definian (formerly Premier),DONE,,,3/13/2024,683,,,,
Innovation@Gillings logo & badge (Anne Glauber),,UNC Gillings,DONE,,,3/13/2024,683,"From Branson: ""Anne is interested in a graphic/logo that represents some of the accomplishments and work done in our School. We recommended your work because it aligns with similar projects (Inclusive Excellence logo) that need to represent elements of the school without mentioning UNC or Gillings.""
",,,
Sue Riffel Self Care app,,SelfCare (Sue Riffel),DONE,,,3/15/2024,681,,,,
Roofscapes NW 10-year anniversary banner,,Roofscapes NW (Melissa Baldivino),DONE,,,4/8/2024,657,,,,
ESE bookmark (Tamiyah),,UNC Gillings,DONE,,,4/8/2024,657,,,,
Bridgette flyer (May 3),,CSU OIE Inclusive Excellence ColoState,DONE,,,4/8/2024,657,,4/5/2024,,
Paramount invitations (Maryana),,Ainsworth & Associates,DONE,,,4/8/2024,657,digital and print products for Paramount Club,,,
Part 2 of school wide awards project (Meg),,UNC Gillings,DONE,,,4/10/2024,655,Posters for hallway,,,
Master Roofing business cards,,Master Roofing (Mattie),DONE,,,4/15/2024,650,,,,
Gillings CPH magazine 2024,,UNC Gillings,DONE,,,4/19/2024,646,https://www.notion.so/dowh/83f319a224204ac9ab7d5dced514097a?v=d5a13e4e5d7347179247b47b3760f542&pvs=4,4/5/2024,,
Renovus tech forum assets,,Definian (formerly Premier),DONE,,,4/23/2024,642,,,,
3 Gillings 33x81 banners,,UNC Gillings,DONE,,,5/2/2024,633,Jim Ervin,,,
Cabo Broncos website add testimonials,,Donald Whittier,DONE,3 hours,,5/7/2024,628,"
- Add testimonials",,,
DaVinci website updates part 2,,DaVinci Education,DONE,,,5/24/2024,611,,,,
Water Institute sponsorship flyer,,Water Institute ,DONE,,,7/2/2024,572,,,,
Premier page speed optimization ,,Definian (formerly Premier),DONE,,,7/8/2024,566,,,,
Premier delete logo project and add all offering icons to logo portal,,Definian (formerly Premier),DONE,,,7/9/2024,565,,,,
Gillings Mailerlite templates to new builder,,UNC Gillings,DONE,1 hour,,7/10/2024,564,"Our meeting to discuss internal comms got pushed to August. That being said, I think you can work on a straight rebuild of a couple of templates into the new builder: the ESE weekly newsletter and the From Carolina Public Health newsletter. No changes to the look/design would be necessary. Would that be enough to get started?",,,
CSU Central OIE website redesign,,CSU OIE Inclusive Excellence ColoState,DONE,1 hour,,7/12/2024,562,"First step: Sitemap of all pages
March soft deadline
- Accessibility super important: Show the design first to CSU accessibility, then have them inspect my code for online accessibility
- In the future, Cultural and Resource Center Websites
    - Template for Wordpress? Not ideal since once I turn over exported files, I won’t be able to update anything else, but if that’s the only way for now to get consistency, it’s a good happy medium.
https://docs.google.com/document/d/1wfdH45eE2vMkWxxWafoUV5wj17vg-i9wQiCg5LNo0M4/edit",,,
RoofCoach a couple more branded assessment forms/design guides,,Roof Coach,DONE,2 hours,,7/12/2024,562,,,,
Stripe payment notification Cabo broncos,,Donald Whittier,DONE,,,7/16/2024,558,,,,
Premier search functionality,,Definian (formerly Premier),DONE,2 hours,,7/25/2024,549,Overall site search and filter/search functionality for articles?,,,
Research Strategic Plan (Elizabeth French),,UNC Gillings,DONE,3 hours,,7/25/2024,549,,,,
T4 updated team bios,,T4 Associates,DONE,2 hours,,8/13/2024,530,,,,
Org chart updates,,UNC Gillings,DONE,1 hour,,8/14/2024,529,,,,
20'x8' APHA banner (Meg),,UNC Gillings,DONE,1 hour,,8/15/2024,528,,,,
OIE Symposium logo refresh,,CSU OIE Inclusive Excellence ColoState,DONE,2 hours,,8/16/2024,527,,,,
Premier LinkedIn image,,Definian (formerly Premier),DONE,1 hour,,8/19/2024,524,,,,
Symposium one-pager event sponsorship,,CSU OIE Inclusive Excellence ColoState,DONE,2 hours,,8/21/2024,522,,8/23/2024,,
Nurture NC PPT,,Nurture NC,DONE,1 hour,,8/26/2024,517,,8/27/2024,,
Silverstone website redesign,,Silverstone Jewelers (Kallie Carver),DONE,2 hours,,8/29/2024,514,,,,
OIE Symposium logo PORTAL & Ring Central assets,,CSU OIE Inclusive Excellence ColoState,DONE,1 hour,,8/29/2024,514,,8/30/2024,,
Roofscapes 4-page bid folder,,Roofscapes NW (Melissa Baldivino),DONE,2 hours,,8/30/2024,513,Video: https://drive.google.com/file/d/1CnARQUgILINWWhD1pz1F30uxNVC1sPWD/view?usp=drivesdk,,,
Woodlake Pride updates,,Woodlake Pride,DONE,1 hour,,9/1/2024,511,,,,
Series of announcements,,Water Institute ,DONE,2 hours,,9/2/2024,510,,,,
Banzai updates,,Donald Whittier,DONE,2 hours,,9/5/2024,507,"- Check Banzai google ads, change to Chicago/Atlanta
- Add more reviews from Alex
- Add new camera to website",,,
Water institute website updates ,,Water Institute ,DONE,2 hours,,9/5/2024,507,,,,
Janet PPT slides (in spanish),,Janet Kagan,DONE,2 hours,,9/9/2024,503,,9/11/2024,,
Hub one-pager (Meg),,UNC Gillings,DONE,1 hour,,9/12/2024,500,,7/31/2024,,
Website updates ,,Water Institute ,DONE,1 hour,,9/13/2024,499,,,,
Hardcopy program,,Water Institute ,DONE,3 hours,,9/23/2024,489,,9/30/2024,,
Cabo Broncos Google Ads optimizations,,Donald Whittier,DONE,3 hours,,9/23/2024,489,"In ""Google Ads for Cabo Broncos"" note",,,
Photo essay light mode ,checked,UNC Gillings,DONE,2 hours,,9/24/2024,488,"- Step 1: WP → WF sync test
- Design photo essay & long-form article templates
",,,
Symposium assets,checked,CSU OIE Inclusive Excellence ColoState,DONE,2 hours,,9/25/2024,487,"Week of September 9th
- PowerPoint templates
- E-mail signatures
- Swag items (t-shirts and item that is not a mug)
- Ring Central and Teams/Zoom backgrounds
Week of September 23rd
- Step and Repeat
- Stickers

All assets: PPT templates, Zoom backgrounds, T-shirts, email sigs, step-and-repeat background, stickers, something in addition to the T-shirt that is more permanent (not a mug)",9/27/2024,,
One pager John Mosley Organization (JMO) Terrell pitch,,CSU OIE Inclusive Excellence ColoState,DONE,2 hours,,10/4/2024,478,,10/16/2024,,
Premier Think BIG logo & poster,,Definian (formerly Premier),DONE,2 hours,,10/9/2024,473,,,,
Take Yvain off Cabo Broncos FB page - yvainhdelora@gmail.com,checked,Donald Whittier,DONE,1 hour,,10/11/2024,471,,,,
One-pager,,Brevet,DONE,2 hours,,10/15/2024,467,,10/21/2024,Vicki Elkins,
$50 for 50 logo & flyer,,UNC Gillings,DONE,1 hour,,10/18/2024,464,,,Will Frazier,
Bisbees sticker form page,,Donald Whittier,DONE,1 hour,,10/19/2024,463,,,,
FRESH program flyer,,UNC Gillings,DONE,1 hour,,10/24/2024,458,,10/21/2024,Will Frazier,
Burk Uzzle website updates,,Burk Uzzle,DONE,2 hours,,11/5/2024,446,Scan new photo and reorganize scroll	,,,
Roofscapes bid folder updates,,Roofscapes NW (Melissa Baldivino),DONE,2 hours,,11/11/2024,440,https://app.companycam.com/galleries/YxkWej7H ,,,
"Gillings Mailerlite email templates (Meg, Tamiyah, Jennie)",,UNC Gillings,DONE,2 hours,,11/15/2024,436,"Meg, Jennie, Tamiyah, Will
Salesforce deadline 10/16
Gillings email template redesigns
- Frontlines
    - Make gray divider bar between sections more snazzy - make images
    - Pivot logo - more horizontal version maybe? And remove 5 questions subtitle
    - Import social media
- Alumni in Focus - SALESFORCE - scheduled for October 16
    - Make similar changes from FrontLines
    - Make each element differentiated from others (dark bg?)
    - Custom buttons - alt text salesforce
- This week @ Gillings
    - Tamiyah
    - Upcoming events for students - can be presented in a new way?
    - Breaking up monotony with dark blue background
    - Update pivot - delete every week, 5 questions subhead
    - The Abstract - redesign logo
    - Keep current UNC blue button, but add alt button with stroke/white background
    - Announcements - way to present differently?
    - Social media - why it’s not working
",,"Tamiyah Braswell,Meg Palmer,Jennie Saia",
Gillings Impact Report ONLINE,,UNC Gillings,DONE,3 hours,,11/18/2024,433,"Design begins week of 9/30! 
https://dowh.notion.site/9b230394ba304aa7a4f5187e79c15555?v=85c99f9ed1ab4cb2a09b3535abecef8c",10/25/2024,,
PPP larger file workaround,,PPP (Prosecutors & Politics Project),DONE,1 hour,,11/19/2024,432,,,,
"""Message from VP"" for top of email",,CSU OIE Inclusive Excellence ColoState,DONE,1 hour,,11/20/2024,431,,,,
Matthew's PPT,,UNC Gillings,DONE,2 hours,,12/2/2024,419,"Designed by Thursday afternoon, presentation Friday at 1p
",,,
Sunset Club website updates,,Sunset Club,DONE,2 hours,,12/9/2024,412,Landing page for events for local publication,,,
Update video sound and Heartsung poster on website per presskit,,Donald Whittier,DONE,1 hour,,12/10/2024,411,,,,
"2025 Schoolwide Faculty, Alumni and TA Awards",,UNC Gillings,DONE,2 hours,,12/31/2024,390,,,Meg Palmer,
Premier delete Risk and Compliance,,Definian (formerly Premier),DONE,2 hours,,12/31/2024,390,https://app.sparkmailapp.com/web-share/MGKCqADW5KNOKuEE_ZWfyn-v9RDkhTSw1XWHw48X,1/3/2025,,
Engage graphic for email,,UNC Gillings,DONE,2 hours,,1/1/2025,389,,,,
Graphic creation,,CO-WY Engine,DONE,1 hour,,1/8/2025,382,,,Kauline Cipriani,
Update the project tracker,,UNC Gillings,DONE,1 hour,,1/8/2025,382,,,,
Silverstone website/Airtable integration,,Silverstone Jewelers (Kallie Carver),DONE,2 hours,,1/9/2025,381,,,,
Premier press release image,,Definian (formerly Premier),DONE,1 hour,,1/9/2025,381,,,,
Gillings website updates with Mark,,UNC Gillings,DONE,2 hours,,1/15/2025,375,,,Mark Scott,
Premier Flurry cowboy ,,Definian (formerly Premier),DONE,2 hours,,1/15/2025,375,"Flurry in cowboy hat, catalyst ranch & frontier- annual roundup save date coming soon - coming to a —— ",2/6/2025,,
Org chart update ,,UNC Gillings,DONE,1 hour,,1/19/2025,371,,,,
Premier DVR page update,,Definian (formerly Premier),DONE,3 hours,,1/21/2025,369,,,,
Ainsworth email signatures,,Ainsworth & Associates,DONE,3 hours,,1/21/2025,369,,,,
Schoolwide awards flyer & escreens (vert & horiz),,UNC Gillings,DONE,1 hour,,1/22/2025,368,,,Meg Palmer,
Continuum add city & search city,,Continuum,DONE,1 hour,,1/26/2025,364,,,,
Premier kickoff event assets,,Definian (formerly Premier),DONE,3 hours,,1/27/2025,363,"'- PPT slides
- Poster size and 8.5x11 version of agenda – content being done
- Poster size of team assignments (like last time)
- 2025 theme logo – theme will be finalized tomorrow
",,,
Cabo Broncos (Adventure Broncos) website reinstate,,Donald Whittier,DONE,2 hours,,1/27/2025,363,,,,
Water Institute bios update from Kaida/Joe,,Water Institute ,DONE,2 hours,,1/29/2025,361,"From Kaida
",,,
2 Spottercharts chart upload (Superbowl),,Spottercharts,DONE,1 hour,,2/4/2025,355,,,,
Wahoo Loco webpage & GoDaddy cleanup,,Donald Whittier,DONE,3 hours,,2/10/2025,349,,,,
Premier add 4 new partners,,Definian (formerly Premier),DONE,1 hour,,2/12/2025,347,,,,
Master Roofing (Mattie) Assessment forms,,Master Roofing (Mattie),DONE,2 hours,,2/12/2025,347,,,,
Alliance guide updates ,,Alliance CC,DONE,3 hours,,2/13/2025,346,,,,
Burk image update,,Burk Uzzle,DONE,1 hour,,2/19/2025,340,,,,
De-DEI-ing website pages,,CSU OIE Inclusive Excellence ColoState,DONE,3 hours,,2/20/2025,339,,,,
Ainsworth new website,,Ainsworth & Associates,DONE,2 hours,,2/24/2025,335,,,,
T4 website updates,,T4 Associates,DONE,3 hours,,2/24/2025,335,,,,
Continuum Japanese ,,Continuum,DONE,2 hours,,2/25/2025,334,,,,
Gillings Org Chart,,UNC Gillings,DONE,1 hour,,3/5/2025,326,,3/18/2025,,
"Silverstone (Kallie) website color updates, business cards, bags design",,Silverstone Jewelers (Kallie Carver),DONE,1 hour,,3/6/2025,325,,,,
Meg one-pager updates,,UNC Gillings,DONE,1 hour,,3/17/2025,314,,3/25/2025,,
CSU symposium save date ,,CSU OIE Inclusive Excellence ColoState,DONE,1 hour,,3/27/2025,304,,3/31/2025,Kauline Cipriani,
SpotterCharts website,,Spottercharts,DONE,1 hour,,3/28/2025,303,"Also look at previous email subject ""Fall Planning & Prep document""",,,
Self care website dev,,SelfCare (Sue Riffel),DONE,3 hours,,3/28/2025,303,,,,
Donald Banzai updates (in Notes & Alejandro doc/sheet),,Donald Whittier,DONE,2 hours,,4/1/2025,299,"Email subject ""Banzai updates"" https://app.sparkmailapp.com/web-share/WzZAZEyU7-6OjryB-dL4DZgUSw6dh_WWAalhloVI",,,
Schoolwide awards winners ,,UNC Gillings,DONE,2 hours,,4/4/2025,296,,,Meg Palmer,
Master Roofing business cards,,Master Roofing (Mattie),DONE,1 hour,,4/11/2025,289,,,,
MCH 75th logo,,UNC Gillings,DONE,2 hours,,4/15/2025,285,rachel.clark@unc.edu	,,,
Self Care - add new articles,,SelfCare (Sue Riffel),DONE,2 hours,,4/16/2025,284,,,,
Water Institute conf page updates with Charity,,Water Institute ,DONE,2 hours,,4/18/2025,282,https://docs.google.com/document/d/1jySlK8HmyWqJYHbo5UlYDQEpsUP5a2moLUreUwxOn18/edit?tab=t.0#heading=h.xazehxw9duzu,,,
IEHS website design estimate check in,,UNC Gillings,DONE,1 hour,,4/22/2025,278,Celeste Carberry ccarberry@unc.edu,,,
Spring Gillings CPH magazine,,UNC Gillings,DONE,2 hours,,4/24/2025,276,"- Timeline: https://airtable.com/appUiHhxdx5whlwyK/shrCgU3275QcxtQ7o 
- Budget: https://docs.google.com/spreadsheets/d/1Y_qPNLB_7IVpyEIrun89XWyI2ZxU1rdbVKkwtX5SHNQ/edit?gid=0#gid=0 ",,Meg Palmer,
Email design for Spring Gillings CPH magazine,,UNC Gillings,DONE,2 hours,,4/29/2025,271,,,Meg Palmer,
Resonant body updates (portrait & video on schedule page),,Resonant Body (Sabine),DONE,1 hour,,5/2/2025,268,,,,
Cliff Cottage email June,,Cliff Cottage,DONE,3 hours,,5/16/2025,254,"'- 2 versions, one for returning one for new (10% off for new)
- Add in breakfast-only option vs. breakfast included
",,,
CSU Symposium Step and repeat,,CSU OIE Inclusive Excellence ColoState,DONE,1 hour,10/8/2025 12:00pm,5/22/2025,248,"subject ""Symposium: Step-and-repeat background""
",,,
CRC brochure redesign (from Canva) ,checked,CSU OIE Inclusive Excellence ColoState,DONE,2 hours,,5/23/2025,247,"'- waiting til copy is finalized by Josh (OOO through end of June)
- subject ""Brochure Updates""
- End of day Monday - feedback from CRC leads",7/15/2025,,
Definian new services icons,,Definian (formerly Premier),DONE,2 hours,,5/30/2025,240,"Feedback in notes ""Definian icons feedback""",,,
NCIPH annual report,,UNC Gillings,DONE,2 hours,,6/4/2025,235,"Joseph Dawson & Eliza
",,,
Sabine video media library,,Resonant Body (Sabine),DONE,2 hours,,6/4/2025,235,- In the media library for sure: https://www.continuumteachers.com/media-library,,,
Premier SPIF flyer,,Definian (formerly Premier),DONE,1 hour,,6/4/2025,235,,,,
"Symposium email sigs, zoom/teams BG, google slides deck",,CSU OIE Inclusive Excellence ColoState,DONE,2 hours,,6/9/2025,230,"'- ""Symposium: email sig, PPT slides, zoom BG""
- orig subject: ""Symposium Swag Designs""
- Email signatures based on last year’s version here: https://app.screencast.com/dr45Gg4AeqwV9
    - name change to The Symposium and date changes “Monday-Thursday, November 3-6, 2025.” We do not yet have a registration link, but can look at generating one more quickly if needed for incorporating into the call to action button.
- Zoom/Teams background based on last year’s version here: https://app.screencast.com/GJkrH1NvN0fj9
    - Same edits for the Zoom/Teams background (and it looks like we’ll have to have the registration form QR code updated)
- Google Slides deck updated from last year's design. 
    - Same edits for the slide deck. Would we be able to have the Land Acknowledgement video embedded into Slide 7? From what I recall, the screen grab caused a bit of confusion for folx last year.",6/26/2025,,
CSU Canva event flyer (cont),,CSU OIE Inclusive Excellence ColoState,DONE,2 hours,,6/18/2025,221,"'- Event flyer template in Canva - 9x11
    - Header and footer
    - “Presented by CSU cultural resource centers” with CSU unit ID
    - Footer: “Brought to you by Pride/etc.” (Chrisana looking for those logos)
",,,
SelfCare demo update,,SelfCare (Sue Riffel),DONE,2 hours,,6/18/2025,221,"""To demo or not to demo""
",,,
Faster Glass & Mailchimp DNS ,,Faster Glass,DONE,1 hour,,6/18/2025,221,,,,
Gillings Lady M email header,,UNC Gillings,DONE,1 hour,,6/18/2025,221,,,,
"Gillings ""Vertical HDITA poster""",,UNC Gillings,DONE,2 hours,,6/23/2025,216,"Can we get a vertical poster version of the magazine article here? https://gillings-projects.unc.edu/cph-articles/how-do-i-talk-about-mental-health
60"" height, whatever width",7/31/2025,,
Update PDFs on PoC,,CSU OIE Inclusive Excellence ColoState,DONE,1 hour,,6/26/2025,213,"'- https://inclusiveexcellence.colostate.edu/about/principles-of-community
- ""Principles of Community assistance""
- Update PDFs per beth.chapmon@colostate.edu forwarded email from Chrisana (waiting on the other 2)",,,
Call for proposals square,,CSU OIE Inclusive Excellence ColoState,DONE,1 hour,,6/26/2025,213,"- Create graphic size of instagram square
- Upload as featured item to top of website
- “Call for proposals” extended! - July 21",,,
Symposium one-pager sponsorships text edits,,CSU OIE Inclusive Excellence ColoState,DONE,1 hour,,6/27/2025,212,"updated text sent was already on my design?
",,,
Symposium website sections update,checked,CSU OIE Inclusive Excellence ColoState,DONE,2 hours,,6/28/2025,211,"'- Subject: ""Links for docs""
- Put it in draft form, Kauline to send to Incident Management Team (IMT)
- https://colostate-my.sharepoint.com/:w:/r/personal/rblue_colostate_edu/_layouts/15/Doc.aspx?sourcedoc=%7BE55F946A-7949-4B83-8D1F-0E3D63345DDA%7D&file=Symposium%20Website%20Copy.docx&fromShare=true&action=default&mobileredirect=true ",,,
Master Roofing business card Kaash & assessment guide updates,,Master Roofing (Mattie),DONE,1 hour,,7/1/2025,208,,,,
Bathroom flyer: SAFE center & 4 other offices,,CSU OIE Inclusive Excellence ColoState,DONE,2 hours,,7/15/2025,194,,7/17/2025,,
Definian booth design,,Definian (formerly Premier),DONE,1 hour,,7/18/2025,191,"- Workday Rising booth design:
    - Due Wednesday, July 23
    - New brand colors arriving July 21 – we’ll start with a black & white version for layout, then apply color.
",7/23/2025,,
Le Basque,,Le Basque (Michael Bressi),DONE,1 hour,,7/25/2025,184,"""ADesigns Contact Form from adrialdesigns.com""
",,,
Clayton: 4 new causal loop diagrams in Kumu.io,,POPSIM,DONE,1 hour,,7/28/2025,181,"- ""Website Request""	
- Clayton to get me spreadsheet by Friday 8/1",8/21/2025,,
Definian brand reveal elements,,Definian (formerly Premier),DONE,2 hours,,7/29/2025,180,Internal reveal 8/6,,,
Airtable duplication for Chrisana,,CSU OIE Inclusive Excellence ColoState,DONE,1 hour,,7/30/2025,179,,,,
Definian logo portal,,Definian (formerly Premier),DONE,2 hours,,8/8/2025,170,https://www.dropbox.com/scl/fo/clh1q1k1pq84uey0yu92d/AEPN1azSPN7l1IYfPgbqF8w?rlkey=u4hcanoc19k9w8f1xv4hbkh5z&st=gdujgbs1&dl=0,8/19/2025,,
Definian elements,,Definian (formerly Premier),DONE,2 hours,,8/11/2025,167,"[x] Electronic letterhead (subject: ""Word template - to Definianize"") - ""Hold off on more work on these. Can discuss on a future call.""
[x] Don - email signatures (formerly Premier Int’l - 1 with, 1 w/out logo, 1 single line)
[x] Defined & delivered
[x] Definian innovations
[x] Favicon 
[x] Notecards in Moo (logo on front, address back) - folded: 4.125x5.75; unfolded 8.25x5.75 
[x] Notepads - 5x7
[x] Zoom backgrounds",,,
Elizabeth French's Community Strategic Plan document & tracker,,UNC Gillings,DONE,2 hours,10/15/2025 4:00pm,8/12/2025,166,"'- subject: ""Design for new Community Strategic Plan""
- Done and posted by her faculty/staff meeting by 9/19 (at beach 9/5-9/12)",8/27/2025,,
Cliff cottage August email ,,Cliff Cottage,DONE,1 hour,,8/14/2025,164,,,,
Water Institute website events/announcements & Airtable ,,Water Institute ,DONE,2 hours,,8/19/2025,159,"Subject: ""Website updates - Global lead-free water + water institute""",,,
Sarah Pryor reinstate website ,,Inner Essence (Sarah Pryor),DONE,2 hours,11/5/2025 12:00pm,8/27/2025,151,,,,
Definian Workday Rising lander (and new PDF) & rush presentation,,Definian (formerly Premier),DONE,2 hours,,8/27/2025,151,,9/3/2025,,
Definian Workday Rising top PDF header,,Definian (formerly Premier),DONE,2 hours,,8/27/2025,151,,9/3/2025,,
Definian short email sig,,Definian (formerly Premier),DONE,2 hours,,8/27/2025,151,,9/3/2025,,
Banzai website equipment updates,,Donald Whittier,DONE,2 hours,,9/8/2025,139,"From Alejandro Alex alejandrohgz84@gmail.com 7/21 ""Changes to website & Re: New equipment"" & 8/7 followup",,,
Gillings Impact Report Magazine 2025,,UNC Gillings,DONE,2 hours,,9/15/2025,132,https://dowh.notion.site/9b230394ba304aa7a4f5187e79c15555?v=85c99f9ed1ab4cb2a09b3535abecef8c&pvs=143,,,
Fiscal year estimate,,CSU OIE Inclusive Excellence ColoState,DONE,1 hour,,9/16/2025,131,https://app.sparkmailapp.com/web-share/Oto8E2rwxTG7SuzZ8EZjeuZA17KqpCNVlwzrjoqr,,,Projects-CSU OIE.numbers (https://v5.airtableusercontent.com/v3/u/49/49/1769320800000/dxL6Zdr-yIRZ6uZ1ZlVaFw/EYSpZlwp8PHKbJ2PWvyqm7x8_WK9x3-cjwi6YRBKzQDleZo8NMG20yYyfsGtdA74kPJbYonIwFeh1_cLxPu81p5LeX4zLpubT0y8NucL5TSmEX-uub4uSJjyDg45Bsg-cr8pkDZ0cNZbeKYRXN4Xw4CaIebvBdi6Q4DuGHDEuQ8/kOv82XOtlMQdXwFZI5zRqInpGi1k-Bk3456ANEMgTTk)
Water Institute: LMIC evidence map,,Water Institute ,DONE,1 hour,,9/16/2025,131,"Subject: ""Water Institute website question""	
ltantum@unc.edu (Lucy Tantum)",,,
Cliff cottage September email ,,Cliff Cottage,DONE,2 hours,,9/19/2025,128,,,,
POPSIM: causal loops CLD #4,,POPSIM,DONE,3 hours,,9/22/2025,125,"12/1: ""I'll get them done in the next couple of weeks for you""	",12/12/2025,,
Water Institute conf hard copy program,,Water Institute ,DONE,3 hours,10/9/2025 2:00pm,9/22/2025,125,"Subject: ""Hard Copy Program - W & H Conference""",10/10/2025,,
Stroman flyer before retiring!,,UNC Gillings,DONE,2 hours,10/10/2025 12:00pm,9/24/2025,123,"""Fall 2025 Webinar""",10/8/2025,,
CSU symposium virtual background update QR code to main Symposium page,,CSU OIE Inclusive Excellence ColoState,DONE,1 hour,10/13/2025 12:00pm,9/25/2025,122,,,,
Sheps flyer v3 for potential funder,,Sheps(Data)+,DONE,,,9/25/2025,122,,,,
El Centro Timeline & alum posters,,CSU OIE Inclusive Excellence ColoState,DONE,1 hour,,9/25/2025,122,- https://docs.google.com/document/d/1WJ8ZXySIAWs8zUfUHas15haw6VUCmhgyqSEp41xmQqU/edit?tab=t.0#heading=h.krdvqdz8rjxz ,,,
Add all Definian icons to logo portal,,Definian (formerly Premier),DONE,2 hours,,10/7/2025,110,,,,
Definian one-pager,,Definian (formerly Premier),DONE,2 hours,,10/13/2025,104,,11/3/2025,,
Continuum countries,,Continuum,DONE,2 hours,,10/18/2025,99,"from Claudia Zama: ""CTA’s Ancestors"" and ""Continents filter""",,,
Cliff cottage November email,,Cliff Cottage,DONE,2 hours,,10/20/2025,97,,11/10/2025,,
Cliff cottage rack card,,Cliff Cottage,DONE,2 hours,,10/20/2025,97,,11/10/2025,,
Nurture NC social media reskinning,,Nurture NC,DONE,2 hours,,10/22/2025,95,- To-do list: https://docs.google.com/document/d/10XsDIZz7hMBuwIW2YMcPNtTZd1pO2uF0M1f8eBAht80/edit?tab=t.0#heading=h.jf2583l3ua59 ,,,
Burk photo updates,,Burk Uzzle,DONE,2 hours,,10/31/2025,86,"""Another website photo replacement""",10/2/2025,,
Conf landing page updates,,Water Institute ,DONE,2 hours,,11/3/2025,83,"""video presentations on youtube""",,,
Cabo Broncos - 15% off 5 days or more (JPG),,Donald Whittier,DONE,1 hour,,11/4/2025,82,,,,
NC ProCESS 2 Study logo design,,UNC Gillings,DONE,3 hours,,11/5/2025,81,"Sarah Walden from UNC Med 
""Design request form""",12/19/2025,,
Honinitser new shop area,,honintser,DONE,,,11/6/2025,80,,,,
Penny website updates,,UNC Gillings,DONE,2 hours,,11/11/2025,75,,,,
Donald Google ads tags,,Donald Whittier,DONE,1 hour,,12/4/2025,52,,,,
Joe brown headshot ,,Water Institute ,DONE,1 hour,,12/4/2025,52,,,,